Pattern,AI Count,AI %,Human Count,Human %,Difference (AI - Human) %
Code Smells and Structural Simplification,107,31.470588235294116,31,35.22727272727273,-3.7566844919786107
Algorithm-Level Optimizations,102,30.0,21,23.863636363636363,6.136363636363637
Memory and Data Locality Optimizations,85,25.0,24,27.27272727272727,-2.27272727272727
Control-Flow and Branching Optimizations,25,7.352941176470589,5,5.681818181818182,1.671122994652407
No Meaningful Change,11,3.2352941176470593,1,1.1363636363636365,2.098930481283423
Data Structure Selection and Adaptation,6,1.7647058823529411,3,3.4090909090909087,-1.6443850267379676
I/O and Synchronization,4,1.1764705882352942,2,2.272727272727273,-1.0962566844919788
Loop Transformations,0,0.0,1,1.1363636363636365,-1.1363636363636365
