Pattern,Claude_Code Count,Claude_Code %,Copilot Count,Copilot %,Cursor Count,Cursor %,Devin Count,Devin %,OpenAI_Codex Count,OpenAI_Codex %
Memory and Data Locality Optimizations,2,66.66666666666666,17,38.63636363636363,10,41.66666666666667,24,38.70967741935484,72,34.78260869565217
Code Smells and Structural Simplification,1,33.33333333333333,10,22.727272727272727,4,16.666666666666664,9,14.516129032258066,65,31.40096618357488
Algorithm-Level Optimizations,0,0.0,8,18.181818181818183,2,8.333333333333332,13,20.967741935483872,36,17.391304347826086
I/O and Synchronization,0,0.0,3,6.8181818181818175,4,16.666666666666664,11,17.741935483870968,7,3.3816425120772946
No Meaningful Change,0,0.0,2,4.545454545454546,2,8.333333333333332,2,3.225806451612903,13,6.280193236714976
Control-Flow and Branching Optimizations,0,0.0,2,4.545454545454546,2,8.333333333333332,0,0.0,8,3.864734299516908
Data Structure Selection and Adaptation,0,0.0,2,4.545454545454546,0,0.0,3,4.838709677419355,5,2.4154589371980677
Loop Transformations,0,0.0,0,0.0,0,0.0,0,0.0,1,0.4830917874396135
