Pattern,Claude_Code Count,Claude_Code %,Copilot Count,Copilot %,Cursor Count,Cursor %,Devin Count,Devin %,OpenAI_Codex Count,OpenAI_Codex %
Code Smells and Structural Simplification,1,33.33333333333333,9,20.454545454545457,5,20.833333333333336,10,16.129032258064516,82,39.61352657004831
Algorithm-Level Optimizations,0,0.0,10,22.727272727272727,8,33.33333333333333,22,35.483870967741936,62,29.951690821256037
Memory and Data Locality Optimizations,1,33.33333333333333,17,38.63636363636363,6,25.0,22,35.483870967741936,39,18.84057971014493
Control-Flow and Branching Optimizations,1,33.33333333333333,1,2.272727272727273,3,12.5,4,6.451612903225806,16,7.729468599033816
No Meaningful Change,0,0.0,4,9.090909090909092,1,4.166666666666666,1,1.6129032258064515,5,2.4154589371980677
Data Structure Selection and Adaptation,0,0.0,1,2.272727272727273,1,4.166666666666666,1,1.6129032258064515,3,1.4492753623188406
I/O and Synchronization,0,0.0,2,4.545454545454546,0,0.0,2,3.225806451612903,0,0.0
