Pattern,AI Count,AI %,Human Count,Human %,Difference (AI - Human) %
Memory and Data Locality Optimizations,125,36.76470588235294,34,38.63636363636363,-1.8716577540106911
Code Smells and Structural Simplification,89,26.176470588235297,24,27.27272727272727,-1.0962566844919728
Algorithm-Level Optimizations,59,17.352941176470587,8,9.090909090909092,8.262032085561495
I/O and Synchronization,25,7.352941176470589,8,9.090909090909092,-1.737967914438503
No Meaningful Change,19,5.588235294117648,5,5.681818181818182,-0.09358288770053402
Control-Flow and Branching Optimizations,12,3.5294117647058822,5,5.681818181818182,-2.1524064171122994
Data Structure Selection and Adaptation,10,2.941176470588235,3,3.4090909090909087,-0.46791443850267367
Loop Transformations,1,0.29411764705882354,1,1.1363636363636365,-0.8422459893048129
